iteration,theta0,theta1
1,633.1833333333334,0.0010119835510706016
10,3878.3668131738727,0.005665360813010373
100,6292.454449061712,-0.0004616465864615484
1000,8433.895463712892,-0.020824189272997142
